{
    "data": [
      {
        "x": [1.0, 1.05, 1.1, 1.15, 1.2, 1.25, 1.3, 1.35, 1.4, 1.45, 1.5, 1.55, 1.6, 1.65, 1.7, 1.75, 1.8, 1.85, 1.9, 1.95, 2.0, 2.05, 2.1, 2.15, 2.2, 2.25, 2.3, 2.35, 2.4, 2.45, 2.5, 2.55, 2.6, 2.65, 2.7, 2.75, 2.8, 2.85, 2.9, 2.95, 3.0, 3.05, 3.1, 3.15, 3.2, 3.25, 3.3, 3.35, 3.4, 3.45, 3.5, 3.55, 3.6, 3.65, 3.7, 3.75, 3.8, 3.85, 3.9, 3.95, 4.0, 4.05, 4.1, 4.15, 4.2, 4.25, 4.3, 4.35, 4.4, 4.45, 4.5, 4.55, 4.6, 4.65, 4.7, 4.75, 4.8, 4.85, 4.9, 4.95, 5.0, 5.05, 5.1, 5.15, 5.2, 5.25, 5.3, 5.35, 5.4, 5.45, 5.5, 5.55, 5.6, 5.65, 5.7, 5.75, 5.8, 5.85, 5.9, 5.95, 6.0, 6.05, 6.1, 6.15, 6.2, 6.25, 6.3, 6.35, 6.4, 6.45, 6.5, 6.55, 6.6, 6.65, 6.7, 6.75, 6.8, 6.85, 6.9, 6.95, 7.0, 7.05, 7.1, 7.15, 7.2, 7.25, 7.3, 7.35, 7.4, 7.45, 7.5, 7.55, 7.6, 7.65, 7.7, 7.75, 7.8, 7.85, 7.9, 7.95, 8.0, 8.05, 8.1, 8.15, 8.2, 8.25, 8.3, 8.35, 8.4, 8.45, 8.5, 8.55, 8.6, 8.65, 8.7, 8.75, 8.8, 8.85, 8.9, 8.95, 9.0, 9.05, 9.1, 9.15, 9.2, 9.25, 9.3, 9.35, 9.4, 9.45, 9.5, 9.55, 9.6, 9.65, 9.7, 9.75, 9.8, 9.85, 9.9, 9.95, 10.0, 10.05, 10.1, 10.15, 10.2, 10.25, 10.3, 10.35, 10.4, 10.45, 10.5, 10.55, 10.6, 10.65, 10.7, 10.75, 10.8, 10.85, 10.9, 10.95, 11.0, 11.05, 11.1, 11.15, 11.2, 11.25, 11.3, 11.35, 11.4, 11.45, 11.5, 11.55, 11.6, 11.65, 11.7, 11.75, 11.8, 11.85, 11.9, 11.95, 12.0, 12.05, 12.1, 12.15, 12.2, 12.25, 12.3, 12.35, 12.4, 12.45, 12.5, 12.55, 12.6, 12.65, 12.7, 12.75, 12.8, 12.85, 12.9, 12.95, 13.0],
        "y": [0.9860000014305120, 1.0413000226020800, 1.0874000310897800, 1.1407000184059100, 1.190000057220460, 1.2400000095367400, 1.2910000085830700, 1.3350000381469700, 1.3860000371933000, 1.4520000219345100, 1.496999979019170, 1.5531999707222000, 1.6069999933242800, 1.656000018119810, 1.7050000429153400, 1.7561999797821000, 1.8079999685287500, 1.8609999418258700, 1.9170000553131100, 1.968999981880190, 2.007999897003170, 2.061199998855590, 2.124000072479250, 2.165899968147280, 2.213900065422060, 2.28170006275177, 2.312000036239620, 2.378999948501590, 2.4146999597549400, 2.4809999465942400, 2.513000011444090, 2.5850000381469700, 2.61299991607666, 2.692799997329710, 2.7193999767303500, 2.7834000110626200, 2.8350000381469700, 2.864000082015990, 2.9489998817443800, 2.9809999465942400, 3.0115000009536700, 3.1019999980926500, 3.138000011444090, 3.1640000343322800, 3.2415000200271600, 3.299999952316280, 3.322999954223630, 3.35959997177124, 3.4626999139785800, 3.5, 3.5199999809265100, 3.5597000122070300, 3.668999934196470, 3.7109999656677200, 3.7330000400543200, 3.763000011444090, 3.8374000549316400, 3.933000087738040, 3.9660000801086400, 3.9838000297546400, 4.014399814605710, 4.08769998550415, 4.198400020599370, 4.238999843597410, 4.257999897003170, 4.283000087738040, 4.317000007629390, 4.412999963760380, 4.520999908447270, 4.560700082778930, 4.58159990310669, 4.598100090026860, 4.630000114440920, 4.664000034332280, 4.775000095367430, 4.890999794006350, 4.928999900817870, 4.954999923706060, 4.9679999351501500, 4.99399995803833, 5.019999980926510, 5.083099889755250, 5.19379997253418, 5.291499853134160, 5.359000205993650, 5.388999938964840, 5.4039998054504400, 5.433499956130980, 5.451000213623050, 5.48199987411499, 5.541200065612790, 5.6221999168396, 5.734100008010870, 5.841200160980220, 5.888000011444090, 5.923999786376950, 5.942999839782720, 5.961999893188480, 5.980000019073490, 5.999000072479250, 6.0370001792907700, 6.09499979019165, 6.169999790191650, 6.267100095748900, 6.420999908447270, 6.504400062561040, 6.535300016403200, 6.575800085067750, 6.578000068664550, 6.60099983215332, 6.624000072479250, 6.646999835968020, 6.670000076293950, 6.693999767303470, 6.738600158691410, 6.789000034332280, 6.9120001792907700, 7.023899984359740, 7.151749968528750, 7.240000009536740, 7.30620002746582, 7.336999893188480, 7.366000175476070, 7.394000053405760, 7.422999858856200, 7.4287999153137200, 7.452000141143800, 7.480999946594240, 7.480999946594240, 7.511000156402590, 7.542999982833860, 7.596999931335450, 7.657999801635740, 7.742200088500980, 7.795699834823610, 7.932499885559080, 8.093600082397460, 8.204999923706060, 8.297599697113040, 8.348499774932860, 8.385499954223630, 8.404000282287600, 8.440999984741210, 8.460000038146970, 8.479000091552730, 8.497499942779540, 8.515999794006350, 8.555000305175780, 8.555000305175780, 8.585400390625, 8.593000411987310, 8.631999969482420, 8.69900016784668, 8.743000411987310, 8.75100040435791, 8.897599697113040, 9.032700061798100, 9.145600032806400, 9.211599636077880, 9.337499809265140, 9.44870023727417, 9.595800399780270, 9.654600143432620, 9.688899993896480, 9.732999801635740, 9.777999973297120, 9.782999992370610, 9.81800012588501, 9.833000183105470, 9.87889986038208, 9.883999824523930, 9.883999824523930, 9.92559986114502, 9.94119987487793, 9.98799991607666, 9.98799991607666, 10.013999938964800, 10.039999961853000, 10.045399951934800, 10.08859987258910, 10.141700267791700, 10.147000312805200, 10.218199634552000, 10.295200061798100, 10.278399753570600, 10.379400062561000, 10.53420000076290, 10.681199741363500, 10.826999855041500, 10.901399898529100, 11.008100223541300, 11.189000129699700, 11.341599655151400, 11.443700122833300, 11.485099697113000, 11.541000080108600, 11.569000244140600, 11.631999969482400, 11.631999969482400, 11.704000473022500, 11.718400382995600, 11.754400157928500, 11.776000022888200, 11.776000022888200, 11.797900009155300, 11.848999977111800, 11.848999977111800, 11.848999977111800, 11.915600299835200, 11.92300033569340, 11.92300033569340, 11.968000221252400, 11.998000144958500, 12.02080020904540, 12.05120029449460, 12.074000358581500, 12.074000358581500, 12.081700325012200, 12.151000022888200, 12.166600036621100, 12.213400077819800, 12.20560007095340, 12.347999572753900, 12.387999534606900, 12.39609956741330, 12.460899829864500, 12.509999752044700, 12.62579984664920, 12.718100357055700, 12.769000434875500, 12.890000343322800, 13.013000106811500, 13.192800140380900, 13.425, 13.40620002746580, 13.56840009689330, 13.824100303649900, 13.834100341796900, 14.068600082397500, 14.120799922943100, 14.162599849700900]
      }
    ],
    "layout": {
      "margin": {
        "t": 15,
        "b": 30,
        "r": 15,
        "l": 35
      }
    }
  }