{
    "data": [
      {
        "x": [1, 1.05, 1.1, 1.15, 1.2, 1.25, 1.3, 1.35, 1.4, 1.45, 1.5, 1.55, 1.6, 1.65, 1.7, 1.75, 1.8, 1.85, 1.9, 1.95, 2, 2.05, 2.1, 2.15, 2.2, 2.25, 2.3, 2.35, 2.4, 2.45, 2.5, 2.55, 2.6, 2.65, 2.7, 2.75, 2.8, 2.85, 2.9, 2.95, 3, 3.05, 3.1, 3.15, 3.2, 3.25, 3.3, 3.35, 3.4, 3.45, 3.5, 3.55, 3.6, 3.65, 3.7, 3.75, 3.8, 3.85, 3.9, 3.95, 4, 4.05, 4.1, 4.15, 4.2, 4.25, 4.3, 4.35, 4.4, 4.45, 4.5, 4.55, 4.6, 4.65, 4.7, 4.75, 4.8, 4.85, 4.9, 4.95, 5, 5.05, 5.1, 5.15, 5.2, 5.25, 5.3, 5.35, 5.4, 5.45, 5.5, 5.55, 5.6, 5.65, 5.7, 5.75, 5.8, 5.85, 5.9, 5.95, 6, 6.05, 6.1, 6.15, 6.2, 6.25, 6.3, 6.35, 6.4, 6.45, 6.5, 6.55, 6.6, 6.65, 6.7, 6.75, 6.8, 6.85, 6.9, 6.95, 7, 7.05, 7.1, 7.15, 7.2, 7.25, 7.3, 7.35, 7.4, 7.45, 7.5, 7.55, 7.6, 7.65, 7.7, 7.75, 7.8, 7.85, 7.9, 7.95, 8, 8.05, 8.1, 8.15, 8.2, 8.25, 8.3, 8.35, 8.4, 8.45, 8.5, 8.55, 8.6, 8.65, 8.7, 8.75, 8.8, 8.85, 8.9, 8.95, 9, 9.05, 9.1, 9.15, 9.2, 9.25, 9.3, 9.35, 9.4, 9.45, 9.5, 9.55, 9.6, 9.65, 9.7, 9.75, 9.8, 9.85, 9.9, 9.95, 10],
        "y": [0, 1.382488479, 0, 1.049475262, 1.785714286, 1.538461538, 1.538461538, 1.851851852, 1.785714286, 1.049475262, 0, 1.382488479, 1.785714286, 0, 2.167182663, 0.7518796992, 1.851851852, 0.9009009009, 2.167182663, 0.4524886878, 2.941176471, 0.6097560976, 1.785714286, 2.325581395, 0, 2.222222222, 2.48447205, 0.3039513678, 1.785714286, 3.610675039, 1.538461538, 0.4524886878, 2.366863905, 3.773584906, 1.851851852, 0, 1.785714286, 3.50877193, 3.448275862, 1.694915254, 0, 1.639344262, 3.225806452, 4.761904762, 3.125, 1.538461538, 0, 1.492537313, 2.941176471, 4.347826087, 4.761904762, 3.286384977, 1.851851852, 0.4566210046, 0.9009009009, 2.222222222, 3.50877193, 4.761904762, 5.769230769, 4.430379747, 3.125, 1.851851852, 0.6097560976, 0.6024096386, 1.785714286, 2.941176471, 4.069767442, 5.172413793, 6.25, 5.939004815, 4.761904762, 3.610675039, 2.48447205, 1.382488479, 0.3039513678, 0.7518796992, 1.785714286, 2.798232695, 3.790087464, 4.761904762, 5.714285714, 6.647807638, 7.56302521, 6.796116505, 5.769230769, 4.761904762, 3.773584906, 2.803738318, 1.851851852, 0.9174311927, 0, 0.9009009009, 1.785714286, 2.654867257, 3.50877193, 4.347826087, 5.172413793, 5.982905983, 6.779661017, 7.56302521, 8.333333333, 9.090909091, 8.196721311, 7.317073171, 6.451612903, 5.6, 4.761904762, 3.937007874, 3.125, 2.325581395, 1.538461538, 0.7633587786, 0, 0.7518796992, 1.492537313, 2.222222222, 2.941176471, 3.649635036, 4.347826087, 5.035971223, 5.714285714, 6.382978723, 7.042253521, 7.692307692, 8.333333333, 8.965517241, 9.589041096, 10.20408163, 10.81081081, 10.73825503, 10, 9.271523179, 8.552631579, 7.843137255, 7.142857143, 6.451612903, 5.769230769, 5.095541401, 4.430379747, 3.773584906, 3.125, 2.48447205, 1.851851852, 1.226993865, 0.6097560976, 0, 0.6024096386, 1.19760479, 1.785714286, 2.366863905, 2.941176471, 3.50877193, 4.069767442, 4.624277457, 5.172413793, 5.714285714, 6.25, 6.779661017, 7.303370787, 7.82122905, 8.333333333, 8.839779006, 9.340659341, 9.836065574, 10.32608696, 10.81081081, 11.29032258, 11.76470588, 12.23404255, 12.6984127, 13.15789474, 13.61256545, 14.0625, 13.98963731, 13.40206186, 12.82051282, 12.24489796, 11.6751269, 11.11111111, 10.55276382, 10],
        "line": {"color": "#4285f4" },
        "name": "Full Pixel",
        "type": "line"
      },
      {
        "x": [1, 1.05, 1.1, 1.15, 1.2, 1.25, 1.3, 1.35, 1.4, 1.45, 1.5, 1.55, 1.6, 1.65, 1.7, 1.75, 1.8, 1.85, 1.9, 1.95, 2, 2.05, 2.1, 2.15, 2.2, 2.25, 2.3, 2.35, 2.4, 2.45, 2.5, 2.55, 2.6, 2.65, 2.7, 2.75, 2.8, 2.85, 2.9, 2.95, 3, 3.05, 3.1, 3.15, 3.2, 3.25, 3.3, 3.35, 3.4, 3.45, 3.5, 3.55, 3.6, 3.65, 3.7, 3.75, 3.8, 3.85, 3.9, 3.95, 4, 4.05, 4.1, 4.15, 4.2, 4.25, 4.3, 4.35, 4.4, 4.45, 4.5, 4.55, 4.6, 4.65, 4.7, 4.75, 4.8, 4.85, 4.9, 4.95, 5, 5.05, 5.1, 5.15, 5.2, 5.25, 5.3, 5.35, 5.4, 5.45, 5.5, 5.55, 5.6, 5.65, 5.7, 5.75, 5.8, 5.85, 5.9, 5.95, 6, 6.05, 6.1, 6.15, 6.2, 6.25, 6.3, 6.35, 6.4, 6.45, 6.5, 6.55, 6.6, 6.65, 6.7, 6.75, 6.8, 6.85, 6.9, 6.95, 7, 7.05, 7.1, 7.15, 7.2, 7.25, 7.3, 7.35, 7.4, 7.45, 7.5, 7.55, 7.6, 7.65, 7.7, 7.75, 7.8, 7.85, 7.9, 7.95, 8, 8.05, 8.1, 8.15, 8.2, 8.25, 8.3, 8.35, 8.4, 8.45, 8.5, 8.55, 8.6, 8.65, 8.7, 8.75, 8.8, 8.85, 8.9, 8.95, 9, 9.05, 9.1, 9.15, 9.2, 9.25, 9.3, 9.35, 9.4, 9.45, 9.5, 9.55, 9.6, 9.65, 9.7, 9.75, 9.8, 9.85, 9.9, 9.95, 10],
        "y": [0, 0.2267573696, 0, 0.6864988558, 0, 0.3773584906, 0.4524886878, 0.2267573696, 0.3039513678, 1.049475262, 0, 0.975243811, 0.6097560976, 0, 0.4524886878, 0.7518796992, 0.9009009009, 0.9009009009, 0.7518796992, 0.4524886878, 0, 0.6097560976, 1.382488479, 0.975243811, 0, 1.149425287, 1.049475262, 0.3039513678, 1.785714286, 0.2267573696, 1.538461538, 0.4524886878, 1.538461538, 0.3773584906, 1.851851852, 0, 1.785714286, 0.6864988558, 1.049475262, 1.694915254, 0, 1.639344262, 1.382488479, 0.2267573696, 1.785714286, 1.538461538, 0, 1.492537313, 2.167182663, 0.6864988558, 0.7518796992, 2.149740549, 1.851851852, 0.4566210046, 0.9009009009, 2.222222222, 2.167182663, 0.8403361345, 0.4524886878, 1.712583768, 2.941176471, 1.851851852, 0.6097560976, 0.6024096386, 1.785714286, 2.941176471, 2.325581395, 1.149425287, 0, 1.123595506, 2.222222222, 3.296703297, 2.48447205, 1.382488479, 0.3039513678, 0.7518796992, 1.785714286, 2.798232695, 3.610675039, 2.564102564, 1.538461538, 0.5331302361, 0.4524886878, 1.41896938, 2.366863905, 3.296703297, 3.773584906, 2.803738318, 1.851851852, 0.9174311927, 0, 0.9009009009, 1.785714286, 2.654867257, 3.50877193, 4.347826087, 3.448275862, 2.564102564, 1.694915254, 0.8403361345, 0, 0.826446281, 1.639344262, 2.43902439, 3.225806452, 4, 4.761904762, 3.937007874, 3.125, 2.325581395, 1.538461538, 0.7633587786, 0, 0.7518796992, 1.492537313, 2.222222222, 2.941176471, 3.649635036, 4.347826087, 5.035971223, 4.761904762, 4.01891253, 3.286384977, 2.564102564, 1.851851852, 1.149425287, 0.4566210046, 0.2267573696, 0.9009009009, 1.565995526, 2.222222222, 2.869757174, 3.50877193, 4.139433551, 4.761904762, 5.376344086, 5.769230769, 5.095541401, 4.430379747, 3.773584906, 3.125, 2.48447205, 1.851851852, 1.226993865, 0.6097560976, 0, 0.6024096386, 1.19760479, 1.785714286, 2.366863905, 2.941176471, 3.50877193, 4.069767442, 4.624277457, 5.172413793, 5.714285714, 6.25, 6.537530266, 5.939004815, 5.3471668, 4.761904762, 4.183109708, 3.610675039, 3.044496487, 2.48447205, 1.930501931, 1.382488479, 0.8403361345, 0.3039513678, 0.2267573696, 0.7518796992, 1.271503366, 1.785714286, 2.294596595, 2.798232695, 3.296703297, 3.790087464, 4.278462654, 4.761904762, 5.240488155, 5.714285714],
        "line": {"color": "#ea4335" },
        "name": "1/2 Pixel",
        "type": "line"
      },
      {
        "x": [1, 1.05, 1.1, 1.15, 1.2, 1.25, 1.3, 1.35, 1.4, 1.45, 1.5, 1.55, 1.6, 1.65, 1.7, 1.75, 1.8, 1.85, 1.9, 1.95, 2, 2.05, 2.1, 2.15, 2.2, 2.25, 2.3, 2.35, 2.4, 2.45, 2.5, 2.55, 2.6, 2.65, 2.7, 2.75, 2.8, 2.85, 2.9, 2.95, 3, 3.05, 3.1, 3.15, 3.2, 3.25, 3.3, 3.35, 3.4, 3.45, 3.5, 3.55, 3.6, 3.65, 3.7, 3.75, 3.8, 3.85, 3.9, 3.95, 4, 4.05, 4.1, 4.15, 4.2, 4.25, 4.3, 4.35, 4.4, 4.45, 4.5, 4.55, 4.6, 4.65, 4.7, 4.75, 4.8, 4.85, 4.9, 4.95, 5, 5.05, 5.1, 5.15, 5.2, 5.25, 5.3, 5.35, 5.4, 5.45, 5.5, 5.55, 5.6, 5.65, 5.7, 5.75, 5.8, 5.85, 5.9, 5.95, 6, 6.05, 6.1, 6.15, 6.2, 6.25, 6.3, 6.35, 6.4, 6.45, 6.5, 6.55, 6.6, 6.65, 6.7, 6.75, 6.8, 6.85, 6.9, 6.95, 7, 7.05, 7.1, 7.15, 7.2, 7.25, 7.3, 7.35, 7.4, 7.45, 7.5, 7.55, 7.6, 7.65, 7.7, 7.75, 7.8, 7.85, 7.9, 7.95, 8, 8.05, 8.1, 8.15, 8.2, 8.25, 8.3, 8.35, 8.4, 8.45, 8.5, 8.55, 8.6, 8.65, 8.7, 8.75, 8.8, 8.85, 8.9, 8.95, 9, 9.05, 9.1, 9.15, 9.2, 9.25, 9.3, 9.35, 9.4, 9.45, 9.5, 9.55, 9.6, 9.65, 9.7, 9.75, 9.8, 9.85, 9.9, 9.95, 10],