{
    "data": [
      {
        "x": [1.0, 1.05, 1.1, 1.15, 1.2, 1.25, 1.3, 1.35, 1.4, 1.45, 1.5, 1.55, 1.6, 1.65, 1.7, 1.75, 1.8, 1.85, 1.9, 1.95, 2.0, 2.05, 2.1, 2.15, 2.2, 2.25, 2.3, 2.35, 2.4, 2.45, 2.5, 2.55, 2.6, 2.65, 2.7, 2.75, 2.8, 2.85, 2.9, 2.95, 3.0, 3.05, 3.1, 3.15, 3.2, 3.25, 3.3, 3.35, 3.4, 3.45, 3.5, 3.55, 3.6, 3.65, 3.7, 3.75, 3.8, 3.85, 3.9, 3.95, 4.0, 4.05, 4.1, 4.15, 4.2, 4.25, 4.3, 4.35, 4.4, 4.45, 4.5, 4.55, 4.6, 4.65, 4.7, 4.75, 4.8, 4.85, 4.9, 4.95, 5.0, 5.05, 5.1, 5.15, 5.2, 5.25, 5.3, 5.35, 5.4, 5.45, 5.5, 5.55, 5.6, 5.65, 5.7, 5.75, 5.8, 5.85, 5.9, 5.95, 6.0, 6.05, 6.1, 6.15, 6.2, 6.25, 6.3, 6.35, 6.4, 6.45, 6.5, 6.55, 6.6, 6.65, 6.7, 6.75, 6.8, 6.85, 6.9, 6.95, 7.0, 7.05, 7.1, 7.15, 7.2, 7.25, 7.3, 7.35, 7.4, 7.45, 7.5, 7.55, 7.6, 7.65, 7.7, 7.75, 7.8, 7.85, 7.9, 7.95, 8.0, 8.05, 8.1, 8.15, 8.2, 8.25, 8.3, 8.35, 8.4, 8.45, 8.5, 8.55, 8.6, 8.65, 8.7, 8.75, 8.8, 8.85, 8.9, 8.95, 9.0, 9.05, 9.1, 9.15, 9.2, 9.25, 9.3, 9.35, 9.4, 9.45, 9.5, 9.55, 9.6, 9.65, 9.7, 9.75, 9.8, 9.85, 9.9, 9.95, 10.0, 10.05, 10.1, 10.15, 10.2, 10.25, 10.3, 10.35, 10.4, 10.45, 10.5, 10.55, 10.6, 10.65, 10.7, 10.75, 10.8, 10.85, 10.9, 10.95, 11.0, 11.05, 11.1, 11.15, 11.2, 11.25, 11.3, 11.35, 11.4, 11.45, 11.5, 11.55, 11.6, 11.65, 11.7, 11.75, 11.8, 11.85, 11.9, 11.95, 12.0, 12.05, 12.1, 12.15, 12.2, 12.25, 12.3, 12.35, 12.4, 12.45, 12.5, 12.55, 12.6, 12.65, 12.7, 12.75, 12.8, 12.85, 12.9, 12.95, 13.0],
        "y": [1.399999857, 0.828569276, 1.145451719, 0.8086940517, 0.833328565, 0.7999992371, 0.6923070321, 1.111108285, 0.9999973433, 0.8689650174, 0.8666674296, 1.122578498, 0.8750012517, 0.6484826406, 0.5294119611, 0.5257116045, 0.5555534363, 0.7297316113, 1.000001556, 1.179489723, 0.8199983835, 0.5853676214, 1.142860594, 1.041858141, 0.668184974, 1.422225104, 0.6521701813, 1.234040362, 0.8000008265, 1.265303943, 0.7600021362, 1.372550516, 0.6538501153, 1.649056741, 0.7481469048, 1.360001131, 1.250001362, 0.6807019418, 1.689651095, 1.050845647, 0.7533335686, 1.70491797, 1.225806821, 0.6031717573, 1.534373909, 1.538460071, 0.6969683098, 0.9552216886, 1.844115117, 1.449275362, 0.6885732923, 1.042253199, 1.930553913, 1.671231936, 0.8918929744, 0.677333196, 1.410528735, 2.155846435, 1.692309746, 0.8556969558, 0.6500005722, 1.441977112, 2.400000502, 2.144574545, 1.380949929, 0.8517680449, 0.8790699271, 1.659770834, 2.749997919, 2.48764231, 1.81333118, 1.057144836, 0.6652193484, 1.088169467, 1.746811562, 2.968416716, 2.687497934, 2.164946881, 1.387753779, 0.8888880412, 0.6599998474, 1.26138385, 2.035293205, 2.747569964, 3.057696269, 2.647617885, 1.96226048, 1.560746844, 0.9444484004, 0.8513795345, 1.176364205, 1.675676397, 2.455356291, 3.384073646, 3.298245815, 3.026083241, 2.465514479, 1.914528089, 1.355932527, 0.8235306299, 0.9333372116, 1.147106896, 1.621309499, 2.149594005, 3.564514652, 4.070401001, 3.734920895, 3.555906851, 2.781251073, 2.341082669, 1.907693423, 1.480913526, 1.060607217, 0.8721817705, 0.970147261, 1.220739153, 1.942645381, 2.58832138, 3.66811545, 4.172662008, 4.374286107, 4.070920471, 3.746481345, 3.41258816, 3.097220262, 2.466205728, 2.082193714, 1.782312199, 1.175675392, 1.020134023, 0.9333356222, 1.072848238, 1.281578164, 1.755553227, 1.980518366, 2.532901764, 3.76410362, 4.522292022, 5.032907558, 5.012575785, 4.818749428, 4.397519035, 4.209876355, 3.80368145, 3.402440141, 2.999999306, 2.602407157, 2.455093475, 1.845241728, 1.602371487, 1.097651089, 1.085379974, 1.302330106, 1.374570372, 1.211490412, 1.898281642, 2.653409784, 3.45028193, 3.501119506, 4.379886222, 4.985558192, 6.030943644, 6.094507071, 5.88961742, 5.793476105, 5.708107819, 5.193548305, 5.00534894, 4.606384927, 4.538622861, 4.042103416, 3.497380362, 3.39166522, 3.017615284, 2.9690713, 2.44102478, 2.183672847, 1.928933623, 1.468686383, 1.447234801, 1.470003128, 1.285571578, 1.552471501, 1.596061819, 1.529412363, 1.775611319, 2.537862722, 3.262800318, 4.105767837, 4.377989335, 4.839049748, 6.056873267, 6.996223162, 7.452583313, 7.337380347, 7.35814028, 7.120372631, 7.207372991, 6.71559605, 6.885849069, 6.530912573, 6.374662063, 6.090090296, 5.614349981, 5.338392939, 5.324444241, 4.858406877, 4.396475569, 4.522809648, 4.131007299, 3.678263789, 3.619049535, 3.431035732, 3.182834412, 3.001711919, 2.75744986, 2.322036937, 2.139242148, 2.123529611, 2.214225705, 1.908334096, 1.631535574, 2.349583334, 2.247734541, 2.095080829, 2.056325017, 2.103249465, 2.681781908, 2.708067279, 2.648998858, 3.398402405, 3.899602396, 4.704763019, 6.126482213, 5.560630138, 6.418824289, 8.000783622, 7.658368419, 9.058915367, 9.040926046, 8.943075767]
      }
    ],
    "layout": {
      "margin": {
        "t": 15,
        "b": 30,
        "r": 15,
        "l": 35
      }
    }
  }