{
    "data": [
      {
        "x": [1.0, 1.05, 1.1, 1.15, 1.2],
        "y": [0.9860000014305120, 1.0413000226020800, 1.0874000310897800, 1.1407000184059100, 1.190000057220460]
      }
    ],
    "layout": {
      "margin": {
        "t": 15,
        "b": 30,
        "r": 15,
        "l": 35
      }
    }
  }