{
    "data": [
      {
        "x": [1, 1.05, 1.1, 1.15, 1.2, 1.25, 1.3, 1.35, 1.4, 1.45, 1.5, 1.55, 1.6, 1.65, 1.7, 1.75, 1.8, 1.85, 1.9, 1.95, 2, 2.05, 2.1, 2.15, 2.2, 2.25, 2.3, 2.35, 2.4, 2.45, 2.5, 2.55, 2.6, 2.65, 2.7, 2.75, 2.8, 2.85, 2.9, 2.95, 3, 3.05, 3.1, 3.15, 3.2, 3.25, 3.3, 3.35, 3.4, 3.45, 3.5, 3.55, 3.6, 3.65, 3.7, 3.75, 3.8, 3.85, 3.9, 3.95, 4, 4.05, 4.1, 4.15, 4.2, 4.25, 4.3, 4.35, 4.4, 4.45, 4.5, 4.55, 4.6, 4.65, 4.7, 4.75, 4.8, 4.85, 4.9, 4.95, 5, 5.05, 5.1, 5.15, 5.2, 5.25, 5.3, 5.35, 5.4, 5.45, 5.5, 5.55, 5.6, 5.65, 5.7, 5.75, 5.8, 5.85, 5.9, 5.95, 6, 6.05, 6.1, 6.15, 6.2, 6.25, 6.3, 6.35, 6.4, 6.45, 6.5, 6.55, 6.6, 6.65, 6.7, 6.75, 6.8, 6.85, 6.9, 6.95, 7, 7.05, 7.1, 7.15, 7.2, 7.25, 7.3, 7.35, 7.4, 7.45, 7.5, 7.55, 7.6, 7.65, 7.7, 7.75, 7.8, 7.85, 7.9, 7.95, 8, 8.05, 8.1, 8.15, 8.2, 8.25],
        "y": [0.100004673, 0.2857094719, 0.2727270126, 0.1739087312, 0.5833367507, 0.8800029755, 0.8461512052, 0.9629620446, 0.8571420397, 0.4827614488, 1.266670227, 1.161287677, 1.249997318, 1.393940954, 1.352938484, 0.3428595407, 0.5555576748, 0.6486454526, 0.5263165424, 0.5128175784, 0.3999948502, 0.5365906692, 1.238091787, 1.116282441, 0.4545428536, 0.7999949985, 1.391309241, 0.3829753145, 1.416669289, 0.8163238058, 0.7999992371, 1.176471336, 0.6153821945, 1.283021243, 0.777776153, 1.05454705, 1.821425983, 1.052633921, 1.999998093, 0.2711894148, 1.400001844, 1.672128771, 0.6129018722, 1.841269599, 1.250000298, 0.6153840285, 1.818181529, 2.119401676, 0.5882319282, 1.391305785, 2.314288276, 0.8732419618, 0.8611109522, 1.890408503, 2.918918713, 1.599998474, 1.210527671, 1.818182561, 2.410256557, 1.316452026, 0.6749987602, 1.185188764, 2.390247438, 2.481929365, 1.642858414, 1.247058195, 1.488370674, 2.252876896, 2.659095417, 1.932579212, 0.8666674296, 1.142853957, 1.391309241, 2.451617743, 3.085110035, 2.315792285, 1.250002782, 1.092780988, 1.693879342, 1.818179121, 2.79999733, 2.910893506, 3.411762387, 1.611646634, 0.788463079, 0.7999965123, 1.735845602, 2.186919596, 3.092596266, 3.04587303, 3.454546495, 2.414416408, 1.250001362, 0.6902644065, 1.052633921, 1.9130458, 2.241377995, 3.076921773, 3.661019923, 3.94957887, 3.999996185, 2.231404013, 1.393441685, 1.121953639, 0.8064500747, 1.040000916, 2.380950867, 2.598426098, 3.359375894, 3.565894726, 4.307695536, 4.488548978, 3.090907588, 2.315787982, 1.552237326, 1.65925909, 1.323527448, 1.29926779, 2.014490487, 2.100720852, 2.800001417, 3.489363109, 4.169015481, 4.251745531, 4.277776347, 4.27586128, 5.013698421, 2.857142079, 2.162161389, 1.476509299, 0.7999992371, 0.5562927549, 1.210527671, 1.856210497, 2.493507831, 3.122581974, 3.076923811, 3.694268245, 4.303798193, 4.905661097, 5.487501621, 4.086954105, 5.358026057, 4.588956774, 5.841461042, 3.903024847]
      }
    ],
    "layout": {
      "margin": {
        "t": 15,
        "b": 30,
        "r": 15,
        "l": 35
      },
      "xaxis": { "title": "Distance to the noise pattern target [meters]" },
      "yaxis": { "title": "Depth error [%]" }
    },
    "meta": { "caption": "Depth accuracy of a 480P, 75mm baseline OAK camera", "id": "id", "name": "name", "short_caption": "short_caption"  }
  }